session,turn,baseline_ms,deep_ms,gain_percent,full_forward_tokens,kv_projection_tokens_saved,extra_full_kv_mib
Ud3L2sd_124,1,204.255,200.51999999999998,1.8285966071822055,651,0,0.0
Pr8nMeM_0,1,209.135,195.025,6.746838166734399,756,0,0.0
WRAImOg_0,1,195.425,198.44,-1.5427913521811367,872,0,0.0
WnjND3T_0,1,198.81,212.055,-6.662139731401844,849,0,0.0
Ud3L2sd_124,2,136.76,147.7,-7.999415033635565,204,112,3.5
Pr8nMeM_0,2,145.515,152.54500000000002,-4.831117066969061,303,224,7.0
WRAImOg_0,2,135.20499999999998,149.225,-10.369439000036989,375,336,10.5
WnjND3T_0,2,127.155,146.81,-15.457512484762692,399,320,10.0
Ud3L2sd_124,3,139.195,145.24,-4.342828406192763,302,192,6.0
Pr8nMeM_0,3,142.535,147.235,-3.2974357175430713,466,288,9.0
WRAImOg_0,3,143.165,140.735,1.6973422274997232,445,368,11.5
WnjND3T_0,3,148.68,150.985,-1.5503093892924447,451,384,12.0
Ud3L2sd_124,4,139.095,150.175,-7.965778784284132,361,288,9.0
Pr8nMeM_0,4,214.71,206.11,4.005402636113825,568,464,14.5
WRAImOg_0,4,139.355,153.505,-10.153923432958994,503,432,13.5
WnjND3T_0,4,210.075,211.07999999999998,-0.47840057122456053,671,448,14.0
Ud3L2sd_124,5,145.89499999999998,144.27999999999997,1.1069604852805164,414,352,11.0
Pr8nMeM_0,5,153.12,154.385,-0.8261494252873474,203,32,1.0
WRAImOg_0,5,201.8,197.745,2.009415262636277,553,496,15.5
WnjND3T_0,5,148.37,143.435,3.3261440992114326,198,128,4.0
Ud3L2sd_124,6,149.75,154.265,-3.015025041736218,526,400,12.5
Pr8nMeM_0,6,150.025,147.29500000000002,1.819696717213791,280,192,6.0
WRAImOg_0,6,147.385,150.62,-2.1949316416188984,118,16,0.5
WnjND3T_0,6,148.29,160.825,-8.453031222604354,297,192,6.0
Ud3L2sd_124,7,203.49,207.155,-1.8010713057152645,663,512,16.0
Pr8nMeM_0,7,152.72,167.035,-9.373363017286536,458,272,8.5
WRAImOg_0,7,146.185,141.0,3.546875534425558,226,112,3.5
WnjND3T_0,7,154.60000000000002,154.49,0.07115135834412266,473,288,9.0
Ud3L2sd_124,8,223.885,214.99,3.9730218639033352,652,128,4.0
Pr8nMeM_0,8,218.68,198.28,9.328699469544542,589,448,14.0
WRAImOg_0,8,139.93,155.51,-11.134138497820327,284,224,7.0
WnjND3T_0,8,163.665,186.465,-13.930895426633679,528,464,14.5
Ud3L2sd_124,9,153.725,159.81,-3.9583672141811728,239,112,3.5
Pr8nMeM_0,9,156.555,149.635,4.420171824598394,198,48,1.5
WRAImOg_0,9,147.22,143.34,2.6355114794185543,429,272,8.5
WnjND3T_0,9,154.405,156.885,-1.6061656034454777,270,0,0.0
Ud3L2sd_124,10,153.475,157.025,-2.313080306238809,338,224,7.0
Pr8nMeM_0,10,157.34,138.555,11.939112749459767,370,192,6.0
WRAImOg_0,10,225.20499999999998,215.93,4.118469838591496,684,416,13.0
WnjND3T_0,10,161.905,161.685,0.13588215311448001,363,256,8.0
